CHROM	POS	REF	ALT	QUAL	FILTER	S185	S186	S187	S188	S189	S190	S191	S192	S48
PEKT02000007.1	632626	G	A	15502.4	PASS	0:64,0:64:99:0,1800	1:0,127:127:99:5316,0	0:48,0:48:99:0,1763	0:65,0:65:99:0,1800	1:0,123:123:99:5122,0	1:1,120:121:99:5087,0	0:54,0:54:99:0,1757	0:59,0:59:99:0,1800	0:49,0:49:99:0,1607
PEKT02000007.1	1291507	A	T	4121.26	PASS	0:52,0:52:99:0,1800	0:42,0:42:99:0,1665	0:49,0:49:99:0,1800	0:48,0:48:99:0,1800	0:45,0:45:99:0,1726	0:52,0:52:99:0,1800	0:51,0:51:99:0,1800	1:0,98:98:99:4134,0	0:51,0:51:99:0,1800
PEKT02000007.1	1775373	A	G	993.61	PASS	.:1,7:8:99:266,0	.:15,0:15:0:0,0	.:8,0:8:0:0,0	1:2,12:14:99:424,0	.:21,0:21:0:0,0	.:0,8:8:99:319,0	0:17,0:17:99:0,111	.:10,0:10:0:0,0	0:11,0:11:99:0,135
PEKT02000007.1	2183023	G	A	4266.26	PASS	0:67,0:67:99:0,1800	0:71,0:71:99:0,1800	0:57,0:57:99:0,1800	0:54,0:54:99:0,1800	0:60,0:60:99:0,1800	0:62,0:62:99:0,1800	0:51,0:51:99:0,1800	1:0,103:103:99:4279,0	0:57,0:57:99:0,1800
PEKT02000007.1	2798953	A	T	5568.26	PASS	0:102,0:102:99:0,1800	0:110,0:110:99:0,1800	0:104,0:104:99:0,1800	0:112,0:112:99:0,1800	0:101,0:101:99:0,1800	0:109,0:109:99:0,1800	0:70,67:137:24:0,24	1:0,137:137:99:5581,0	0:78,0:78:99:0,1800
PEKT02000007.1	3118177	C	G	4227.26	PASS	1:0,104:104:99:4240,0	0:67,0:67:99:0,1800	0:71,0:71:99:0,1800	0:69,0:69:99:0,1800	0:70,0:70:99:0,1800	0:73,0:73:99:0,1800	0:68,0:68:99:0,1800	0:64,0:64:99:0,1800	0:58,0:58:99:0,1800
PEKT02000007.1	3118730	G	A	11996.4	PASS	0:73,0:73:99:0,1800	1:0,101:101:99:4146,0	0:71,0:71:99:0,1800	0:69,0:69:99:0,1800	1:0,109:109:99:4372,0	1:0,83:83:99:3501,0	0:68,0:68:99:0,1800	0:88,0:88:99:0,1800	0:58,0:58:99:0,1800
PEKT02000010.1	216017	T	A	1686.26	PASS	0:38,0:38:99:0,917	0:55,0:55:99:0,855	0:68,0:68:99:0,1485	0:51,0:51:99:0,1201	0:45,0:45:99:0,1174	0:43,0:43:99:0,990	0:39,0:39:99:0,810	1:0,52:56:99:1699,0	0:37,0:37:99:0,619
PEKT02000010.1	399945	C	G	4005.26	PASS	0:38,0:38:99:0,890	0:27,0:27:99:0,720	0:23,0:23:99:0,585	0:32,0:32:99:0,743	0:21,0:21:99:0,450	0:23,0:23:99:0,450	0:25,0:25:99:0,315	1:0,97:97:99:4018,0	0:26,0:26:99:0,405
PEKT02000010.1	444677	G	T	3802.26	PASS	0:47,0:47:99:0,761	0:41,0:41:99:0,630	0:54,0:54:99:0,855	0:49,0:49:99:0,765	0:52,0:52:99:0,900	0:50,0:50:99:0,900	0:52,0:52:99:0,462	1:0,89:89:99:3815,0	0:52,0:52:99:0,1035
PEKT02000010.1	474986	A	T	833.26	PASS	0:54,0:54:99:0,866	0:45,0:45:99:0,560	0:52,0:52:99:0,674	0:49,0:49:99:0,438	0:56,0:56:99:0,1191	0:52,0:52:99:0,752	0:36,0:36:99:0,438	1:5,33:38:99:846,0	0:58,0:58:99:0,320
PEKT02000002.1	226714	A	T	2378.26	PASS	0:15,0:15:99:0,135	0:25,0:25:99:0,135	0:28,0:28:99:0,180	0:23,0:23:99:0,585	0:19,0:19:99:0,135	0:22,0:22:99:0,135	0:22,0:22:99:0,99	1:0,59:59:99:2391,0	0:33,0:33:99:0,180
PEKT02000002.1	384284	C	T	2807.26	PASS	0:66,0:66:99:0,1800	0:74,0:74:99:0,1800	0:17,0:17:99:0,450	0:67,0:67:99:0,1800	0:68,0:68:99:0,1455	0:69,0:69:99:0,1536	0:15,0:15:99:0,495	0:56,0:56:99:0,1512	1:0,73:73:99:2820,0
PEKT02000001.1	735362	C	T	3935.26	PASS	1:0,97:97:99:3948,0	0:66,0:66:99:0,1800	0:65,0:65:99:0,1800	0:61,0:61:99:0,1800	0:70,0:70:99:0,1800	0:68,0:68:99:0,1800	0:60,0:60:99:0,1800	0:65,0:65:99:0,1800	0:50,0:50:99:0,1800
PEKT02000001.1	743893	G	A	12184.4	PASS	0:79,0:79:99:0,1800	1:0,112:112:99:4553,0	0:76,0:76:99:0,1800	0:67,0:67:99:0,1800	1:0,95:95:99:4078,0	1:0,85:85:99:3576,0	0:65,0:65:99:0,1800	0:78,0:78:99:0,1800	0:55,0:55:99:0,1800
PEKT02000003.1	111036	C	A	5230.26	PASS	0:49,0:49:99:0,1620	0:53,0:53:99:0,1800	0:57,0:57:99:0,1800	0:54,0:54:99:0,1800	0:43,0:43:99:0,1376	0:53,0:53:99:0,1800	0:114,0:114:75:0,75	1:0,124:124:99:5243,0	0:53,0:53:99:0,1800
PEKT02000003.1	244496	G	A	3893.26	PASS	1:0,91:91:99:3906,0	0:51,0:51:99:0,1710	0:46,0:46:99:0,1730	0:50,0:50:99:0,1800	0:45,0:45:99:0,1637	0:39,0:39:99:0,1440	0:45,0:45:99:0,1485	0:49,0:49:99:0,1724	0:46,0:46:99:0,1800
PEKT02000003.1	320071	T	A	4960.26	PASS	0:76,0:76:99:0,1800	0:82,0:82:99:0,1800	0:82,0:82:99:0,1800	0:71,0:71:99:0,1800	0:63,0:63:99:0,1659	0:77,0:77:99:0,1800	0:78,0:78:99:0,1800	1:0,111:111:99:4973,0	0:52,0:52:99:0,1800
PEKT02000003.1	320072	C	G	5005.26	PASS	0:76,0:76:99:0,1800	0:82,0:82:99:0,1800	0:82,0:82:99:0,1800	0:71,0:71:99:0,1800	0:63,0:63:99:0,1659	0:77,0:77:99:0,1800	0:78,0:78:99:0,1800	1:0,112:112:99:5018,0	0:52,0:52:99:0,1800
PEKT02000003.1	320077	C	G	4870.26	PASS	0:76,0:76:99:0,1800	0:82,0:82:99:0,1800	0:82,0:82:99:0,1800	0:71,0:71:99:0,1800	0:63,0:63:99:0,1659	0:77,0:77:99:0,1800	0:78,0:78:99:0,1800	1:0,109:109:99:4883,0	0:52,0:52:99:0,1800
PEKT02000003.1	608869	C	T	3911.26	PASS	0:33,0:33:99:0,1340	0:38,0:38:99:0,1023	0:33,0:33:99:0,1141	0:13,0:13:99:0,360	0:25,0:25:99:0,984	0:38,0:38:99:0,1221	0:59,0:59:99:0,1383	1:0,96:96:99:3924,0	0:40,0:40:99:0,1051
PEKT02000003.1	756918	T	A	5652.26	PASS	0:62,0:62:99:0,885	0:71,0:71:99:0,1428	0:60,0:60:99:0,1497	0:68,0:68:99:0,1276	0:63,0:63:99:0,859	0:60,0:60:99:0,1167	0:59,0:59:99:0,1342	1:0,135:135:99:5665,0	0:63,0:63:99:0,1337
PEKT02000009.1	174787	C	A	5306.26	PASS	0:65,0:65:99:0,1800	0:60,0:60:99:0,1800	0:80,0:80:99:0,1800	0:77,0:77:99:0,1800	0:71,0:71:99:0,1800	0:78,0:78:99:0,1800	0:66,0:66:99:0,1800	1:1,128:129:99:5319,0	0:54,0:54:99:0,1647
PEKT02000008.1	317208	G	A	4322.26	PASS	0:40,0:40:99:0,1055	0:33,0:33:99:0,1350	0:41,0:41:99:0,1266	0:44,0:44:99:0,1443	0:55,0:55:99:0,1800	0:32,0:32:99:0,1235	0:40,0:40:99:0,1575	1:0,104:104:99:4335,0	0:40,0:40:99:0,507
PEKT02000008.1	352929	A	T	684.91	PASS	.:63,0:63:0:0,0	.:53,0:53:0:0,0	.:76,0:76:0:0,0	.:65,0:65:0:0,0	.:64,0:64:0:0,0	.:72,0:72:0:0,0	.:51,0:51:0:0,0	1:5,29:34:99:693,0	0:33,0:33:99:0,450
PEKT02000004.1	475640	A	G	4518.26	PASS	0:68,0:68:99:0,1800	0:55,0:55:99:0,1800	0:63,0:63:99:0,1800	0:68,0:68:99:0,1800	0:62,0:62:99:0,1800	0:58,0:58:99:0,1800	0:69,0:69:99:0,1800	1:0,108:108:99:4531,0	0:43,0:43:99:0,1800
PEKT02000004.1	643318	G	A	12641.4	PASS	0:66,0:66:99:0,1800	1:0,122:122:99:4907,0	0:81,0:81:99:0,1800	0:84,0:84:99:0,1800	1:0,97:97:99:3967,0	1:0,95:95:99:3790,0	0:71,0:71:99:0,1800	0:76,0:76:99:0,1800	0:54,0:54:99:0,1800
PEKT02000005.1	229570	A	T	1999.26	PASS	0:49,0:49:99:0,1800	0:50,0:50:99:0,1800	0:53,0:53:99:0,1800	0:48,0:48:99:0,1800	0:51,0:51:99:0,1800	0:48,0:48:99:0,1800	0:52,0:52:99:0,1800	1:14,98:112:99:2012,0	0:47,0:47:99:0,1800
