Strain	Ref	Scaffold:Pos	GeneID	Homologues	Effect	cDNA	aa
"186,189,190"	48	PEKT02000007:632626	B9J08_002877	NUM1	Upstream	c.-608C>T	.
192	48	PEKT02000007:1291507	B9J08_003230	MSB1	Missense	c.523A>T	p.Ile175Phe
188	48	PEKT02000007:1775373	B9J08_003454		Upstream	c.-4317T>C	.
192	48	PEKT02000007:2183023	B9J08_003643	ECM3	Missense	c.610C>T	p.His204Tyr
192	48	PEKT02000007:2798953	B9J08_003924	IRA2	Stop gained	c.489T>A	p.Cys163*
185	48	PEKT02000007:3118177	B9J08_004076	FUR1	Missense	c.641G>C	p.Arg214Thr
"186,189,190"	48	PEKT02000007:3118730	B9J08_004076	FUR1	Stop gained	c.88C>T	p.Gln30*
192	48	PEKT02000010:216017	B9J08_004988		Upstream	c.-2818A>T	.
192	48	PEKT02000010:399945	B9J08_005077	CHS1	Synonymous	c.66G>C	p.Thr22Thr
192	48	PEKT02000010:444677	B9J08_005099	RPL5	Upstream	c.-4533C>A	.
192	48	PEKT02000010:474986	B9J08_005113	TFB2	Upstream	c.-382T>A	.
192	48	PEKT02000002:226714	B9J08_000610	BPH1	Upstream	c.-620T>A	.
48	B8441	PEKT02000002:384284	B9J08_000687		Missense	c.2518G>A	p.Glu840Lys
185	48	PEKT02000001:735362	B9J08_000363	NCE103	Upstream	c.-1759G>A	.
"186,189,190"	48	PEKT02000001:743893	B9J08_000367	ERG25	Upstream	c.-483C>T	.
192	48	PEKT02000003:111036	B9J08_001118	CIC1	Missense	c.544C>A	p.Pro182Thr
185	48	PEKT02000003:244496	B9J08_001178		Upstream	c.-28C>T	.
192	48	PEKT02000003:320071	B9J08_001215		Missense	c.2514T>A	p.Asp838Glu
192	48	PEKT02000003:320072	B9J08_001215		Missense	c.2515C>G	p.Leu839Val
192	48	PEKT02000003:320077	B9J08_001215		Synonymous	c.2520C>G	p.Thr840Thr
192	48	PEKT02000003:608869	B9J08_001347	SAC7	Synonymous	c.1587G>A	p.Ser529Ser
192	48	PEKT02000003:756918	B9J08_001413	TYS1	Upstream	c.-79A>T	.
192	48	PEKT02000009:174787	B9J08_004540	CYR1	Missense	c.5233C>A	p.Gln1745Lys
192	48	PEKT02000008:317208	B9J08_004215	MTD1	Upstream	c.-4846C>T	.
192	48	PEKT02000008:352929	B9J08_004234	SFH1	Downstream	c.*187A>T	.
192	48	PEKT02000004:475640	B9J08_001748		Missense	c.1226A>G	p.Asn409Ser
"186,189,190"	48	PEKT02000004:643318	B9J08_001829	LSB6	Upstream	c.-2466C>T	.
192	48	PEKT02000005:229570	B9J08_002047	AGF1	Upstream	c.-2912T>A	.
