	reference	F10_191_1	F11_191_2	F12_191_3	F1_185_1	F2_185_2	F3_185_3	F4_188_1	F5_188_2	F6_188_3	F7_189_1	F8_189_2	F9_189_3	S4_48_1	S5_48_2	S6_48_3
reference	0	654	656	657	655	655	656	657	658	655	657	656	657	644	655	643
F10_191_1	654	0	3	3	1	1	2	3	4	2	3	2	3	1	1	1
F11_191_2	656	3	0	4	2	2	3	4	5	3	4	3	4	2	2	2
F12_191_3	657	3	4	0	2	2	3	4	5	3	4	3	4	2	2	2
F1_185_1	655	1	2	2	0	0	1	2	3	1	2	1	2	0	0	0
F2_185_2	655	1	2	2	0	0	1	2	3	1	2	1	2	0	0	0
F3_185_3	656	2	3	3	1	1	0	3	4	2	3	2	3	1	1	1
F4_188_1	657	3	4	4	2	2	3	0	5	3	4	3	4	2	2	2
F5_188_2	658	4	5	5	3	3	4	5	0	4	5	4	5	3	3	3
F6_188_3	655	2	3	3	1	1	2	3	4	0	3	2	3	1	1	1
F7_189_1	657	3	4	4	2	2	3	4	5	3	0	0	0	2	2	2
F8_189_2	656	2	3	3	1	1	2	3	4	2	0	0	0	1	1	1
F9_189_3	657	3	4	4	2	2	3	4	5	3	0	0	0	2	2	2
S4_48_1	644	1	2	2	0	0	1	2	3	1	2	1	2	0	0	0
S5_48_2	655	1	2	2	0	0	1	2	3	1	2	1	2	0	0	0
S6_48_3	643	1	2	2	0	0	1	2	3	1	2	1	2	0	0	0
